brand,nama_artikel,sku_induk,ukuran,sku_turunan,ongkos_produksi_modal_diferd,harga_tagih_tm420
TM420,"Basic Black",TS-POLOS-BLACK,S,TS-POLOS-BLACK-S,50000,55000
TM420,"Basic Black",TS-POLOS-BLACK,M,TS-POLOS-BLACK-M,50000,55000
TM420,"Basic Black",TS-POLOS-BLACK,L,TS-POLOS-BLACK-L,50000,55000
TM420,"Basic Black",TS-POLOS-BLACK,XL,TS-POLOS-BLACK-XL,50000,55000
TM420,"Basic Black",TS-POLOS-BLACK,XXL,TS-POLOS-BLACK-XXL,55000,60000
TM420,"Basic Blue Ocean",TS-POLOS-BLUE,S,TS-POLOS-BLUE-S,50000,55000
TM420,"Basic Blue Ocean",TS-POLOS-BLUE,M,TS-POLOS-BLUE-M,50000,55000
TM420,"Basic Blue Ocean",TS-POLOS-BLUE,L,TS-POLOS-BLUE-L,50000,55000
TM420,"Basic Blue Ocean",TS-POLOS-BLUE,XL,TS-POLOS-BLUE-XL,50000,55000
TM420,"Basic Blue Ocean",TS-POLOS-BLUE,XXL,TS-POLOS-BLUE-XXL,55000,60000
TM420,"Basic Dark Grey",TS-POLOS-DARKGREY,S,TS-POLOS-DARKGREY-S,50000,55000
TM420,"Basic Dark Grey",TS-POLOS-DARKGREY,M,TS-POLOS-DARKGREY-M,50000,55000
TM420,"Basic Dark Grey",TS-POLOS-DARKGREY,L,TS-POLOS-DARKGREY-L,50000,55000
TM420,"Basic Dark Grey",TS-POLOS-DARKGREY,XL,TS-POLOS-DARKGREY-XL,50000,55000
TM420,"Basic Dark Grey",TS-POLOS-DARKGREY,XXL,TS-POLOS-DARKGREY-XXL,55000,60000
TM420,"Basic Maroon",TS-POLOS-MAROON,S,TS-POLOS-MAROON-S,50000,55000
TM420,"Basic Maroon",TS-POLOS-MAROON,M,TS-POLOS-MAROON-M,50000,55000
TM420,"Basic Maroon",TS-POLOS-MAROON,L,TS-POLOS-MAROON-L,50000,55000
TM420,"Basic Maroon",TS-POLOS-MAROON,XL,TS-POLOS-MAROON-XL,50000,55000
TM420,"Basic Maroon",TS-POLOS-MAROON,XXL,TS-POLOS-MAROON-XXL,55000,60000
TM420,"Basic Misty",TS-POLOS-MISGREY,S,TS-POLOS-MISGREY-S,50000,55000
TM420,"Basic Misty",TS-POLOS-MISGREY,M,TS-POLOS-MISGREY-M,50000,55000
TM420,"Basic Misty",TS-POLOS-MISGREY,L,TS-POLOS-MISGREY-L,50000,55000
TM420,"Basic Misty",TS-POLOS-MISGREY,XL,TS-POLOS-MISGREY-XL,50000,55000
TM420,"Basic Misty",TS-POLOS-MISGREY,XXL,TS-POLOS-MISGREY-XXL,55000,60000
TM420,"Basic Mustard",TS-POLOS-MUSTARD,S,TS-POLOS-MUSTARD-S,50000,55000
TM420,"Basic Mustard",TS-POLOS-MUSTARD,M,TS-POLOS-MUSTARD-M,50000,55000
TM420,"Basic Mustard",TS-POLOS-MUSTARD,L,TS-POLOS-MUSTARD-L,50000,55000
TM420,"Basic Mustard",TS-POLOS-MUSTARD,XL,TS-POLOS-MUSTARD-XL,50000,55000
TM420,"Basic Mustard",TS-POLOS-MUSTARD,XXL,TS-POLOS-MUSTARD-XXL,55000,60000
TM420,"Basic Sage",TS-POLOS-SAGE,S,TS-POLOS-SAGE-S,50000,55000
TM420,"Basic Sage",TS-POLOS-SAGE,M,TS-POLOS-SAGE-M,50000,55000
TM420,"Basic Sage",TS-POLOS-SAGE,L,TS-POLOS-SAGE-L,50000,55000
TM420,"Basic Sage",TS-POLOS-SAGE,XL,TS-POLOS-SAGE-XL,50000,55000
TM420,"Basic Sage",TS-POLOS-SAGE,XXL,TS-POLOS-SAGE-XXL,55000,60000
TM420,"Basic White",TS-POLOS-WHITE,S,TS-POLOS-WHITE-S,50000,55000
TM420,"Basic White",TS-POLOS-WHITE,M,TS-POLOS-WHITE-M,50000,55000
TM420,"Basic White",TS-POLOS-WHITE,L,TS-POLOS-WHITE-L,50000,55000
TM420,"Basic White",TS-POLOS-WHITE,XL,TS-POLOS-WHITE-XL,50000,55000
TM420,"Basic White",TS-POLOS-WHITE,XXL,TS-POLOS-WHITE-XXL,55000,60000
TM420,Champions,TS-CANNACHAMP,S,TS-CANNACHAMP-S,62000,67000
TM420,Champions,TS-CANNACHAMP,M,TS-CANNACHAMP-M,62000,67000
TM420,Champions,TS-CANNACHAMP,L,TS-CANNACHAMP-L,62000,67000
TM420,Champions,TS-CANNACHAMP,XL,TS-CANNACHAMP-XL,62000,67000
TM420,Champions,TS-CANNACHAMP,XXL,TS-CANNACHAMP-XXL,67000,72000
TM420,"Chichen Itza",TS-ITZA,S,TS-ITZA-S,62000,67000
TM420,"Chichen Itza",TS-ITZA,M,TS-ITZA-M,62000,67000
TM420,"Chichen Itza",TS-ITZA,L,TS-ITZA-L,62000,67000
TM420,"Chichen Itza",TS-ITZA,XL,TS-ITZA-XL,62000,67000
TM420,"Chichen Itza",TS-ITZA,XXL,TS-ITZA-XXL,67000,72000
TM420,Circle,TS-CIRCLE,S,TS-CIRCLE-S,62000,67000
TM420,Circle,TS-CIRCLE,M,TS-CIRCLE-M,62000,67000
TM420,Circle,TS-CIRCLE,L,TS-CIRCLE-L,62000,67000
TM420,Circle,TS-CIRCLE,XL,TS-CIRCLE-XL,62000,67000
TM420,Circle,TS-CIRCLE,XXL,TS-CIRCLE-XXL,67000,72000
TM420,"Enjoy Coffee",TSDL-ENJOYCOFFEE,S,TSDL-ENJOYCOFFEE-S,78000,83000
TM420,"Enjoy Coffee",TSDL-ENJOYCOFFEE,M,TSDL-ENJOYCOFFEE-M,78000,83000
TM420,"Enjoy Coffee",TSDL-ENJOYCOFFEE,L,TSDL-ENJOYCOFFEE-L,78000,83000
TM420,"Enjoy Coffee",TSDL-ENJOYCOFFEE,XL,TSDL-ENJOYCOFFEE-XL,78000,83000
TM420,"Enjoy Coffee",TSDL-ENJOYCOFFEE,XXL,TSDL-ENJOYCOFFEE-XXL,83000,88000
TM420,"Enjoy Today",TS-ENJOYTODAY,S,TS-ENJOYTODAY-S,62000,67000
TM420,"Enjoy Today",TS-ENJOYTODAY,M,TS-ENJOYTODAY-M,62000,67000
TM420,"Enjoy Today",TS-ENJOYTODAY,L,TS-ENJOYTODAY-L,62000,67000
TM420,"Enjoy Today",TS-ENJOYTODAY,XL,TS-ENJOYTODAY-XL,62000,67000
TM420,"Enjoy Today",TS-ENJOYTODAY,XXL,TS-ENJOYTODAY-XXL,67000,72000
TM420,"Everyday Is Good Day",TSOV-GOODDDAY,S,TSOV-GOODDDAY-S,70000,80000
TM420,"Everyday Is Good Day",TSOV-GOODDDAY,M,TSOV-GOODDDAY-M,70000,80000
TM420,"Everyday Is Good Day",TSOV-GOODDDAY,L,TSOV-GOODDDAY-L,70000,80000
TM420,"Everyday Is Good Day",TSOV-GOODDDAY,XL,TSOV-GOODDDAY-XL,70000,80000
TM420,"Everyday Is Good Day",TSOV-GOODDDAY,XXL,TSOV-GOODDDAY-XXL,75000,85000
TM420,"Good Life",TS-GOODLIFE,S,TS-GOODLIFE-S,62000,67000
TM420,"Good Life",TS-GOODLIFE,M,TS-GOODLIFE-M,62000,67000
TM420,"Good Life",TS-GOODLIFE,L,TS-GOODLIFE-L,62000,67000
TM420,"Good Life",TS-GOODLIFE,XL,TS-GOODLIFE-XL,62000,67000
TM420,"Good Life",TS-GOODLIFE,XXL,TS-GOODLIFE-XXL,67000,72000
TM420,Hightimes,TS-HIGHTIMES,S,TS-HIGHTIMES-S,62000,67000
TM420,Hightimes,TS-HIGHTIMES,M,TS-HIGHTIMES-M,62000,67000
TM420,Hightimes,TS-HIGHTIMES,L,TS-HIGHTIMES-L,62000,67000
TM420,Hightimes,TS-HIGHTIMES,XL,TS-HIGHTIMES-XL,62000,67000
TM420,Hightimes,TS-HIGHTIMES,XXL,TS-HIGHTIMES-XXL,67000,72000
TM420,"Keep it Green",TSDL-KEEPITGREEN,S,TSDL-KEEPITGREEN-S,78000,83000
TM420,"Keep it Green",TSDL-KEEPITGREEN,M,TSDL-KEEPITGREEN-M,78000,83000
TM420,"Keep it Green",TSDL-KEEPITGREEN,L,TSDL-KEEPITGREEN-L,78000,83000
TM420,"Keep it Green",TSDL-KEEPITGREEN,XL,TSDL-KEEPITGREEN-XL,78000,83000
TM420,"Keep it Green",TSDL-KEEPITGREEN,XXL,TSDL-KEEPITGREEN-XXL,83000,88000
TM420,"Legalize Maryjane",TSDL-LGLZMRJN,S,TSDL-LGLZMRJN-S,78000,83000
TM420,"Legalize Maryjane",TSDL-LGLZMRJN,M,TSDL-LGLZMRJN-M,78000,83000
TM420,"Legalize Maryjane",TSDL-LGLZMRJN,L,TSDL-LGLZMRJN-L,78000,83000
TM420,"Legalize Maryjane",TSDL-LGLZMRJN,XL,TSDL-LGLZMRJN-XL,78000,83000
TM420,"Legalize Maryjane",TSDL-LGLZMRJN,XXL,TSDL-LGLZMRJN-XXL,83000,88000
TM420,"Legalized Maryjane Misty",TS-LGLZMRJN,S,TS-LGLZMRJN-S,62000,67000
TM420,"Legalized Maryjane Misty",TS-LGLZMRJN,M,TS-LGLZMRJN-M,62000,67000
TM420,"Legalized Maryjane Misty",TS-LGLZMRJN,L,TS-LGLZMRJN-L,62000,67000
TM420,"Legalized Maryjane Misty",TS-LGLZMRJN,XL,TS-LGLZMRJN-XL,62000,67000
TM420,"Legalized Maryjane Misty",TS-LGLZMRJN,XXL,TS-LGLZMRJN-XXL,67000,72000
TM420,"Let's Grow",TS-LETSGROW,S,TS-LETSGROW-S,62000,67000
TM420,"Let's Grow",TS-LETSGROW,M,TS-LETSGROW-M,62000,67000
TM420,"Let's Grow",TS-LETSGROW,L,TS-LETSGROW-L,62000,67000
TM420,"Let's Grow",TS-LETSGROW,XL,TS-LETSGROW-XL,62000,67000
TM420,"Let's Grow",TS-LETSGROW,XXL,TS-LETSGROW-XXL,67000,72000
TM420,Mandala,TS-MANDALA,S,TS-MANDALA-S,62000,67000
TM420,Mandala,TS-MANDALA,M,TS-MANDALA-M,62000,67000
TM420,Mandala,TS-MANDALA,L,TS-MANDALA-L,62000,67000
TM420,Mandala,TS-MANDALA,XL,TS-MANDALA-XL,62000,67000
TM420,Mandala,TS-MANDALA,XXL,TS-MANDALA-XXL,67000,72000
TM420,"Marley Grey",TS-MARGREY,S,TS-MARGREY-S,62000,67000
TM420,"Marley Grey",TS-MARGREY,M,TS-MARGREY-M,62000,67000
TM420,"Marley Grey",TS-MARGREY,L,TS-MARGREY-L,62000,67000
TM420,"Marley Grey",TS-MARGREY,XL,TS-MARGREY-XL,62000,67000
TM420,"Marley Grey",TS-MARGREY,XXL,TS-MARGREY-XXL,67000,72000
TM420,"Marley Raglan",TS-RAGBOB,S,TS-RAGBOB-S,62000,67000
TM420,"Marley Raglan",TS-RAGBOB,M,TS-RAGBOB-M,62000,67000
TM420,"Marley Raglan",TS-RAGBOB,L,TS-RAGBOB-L,62000,67000
TM420,"Marley Raglan",TS-RAGBOB,XL,TS-RAGBOB-XL,62000,67000
TM420,"Marley Raglan",TS-RAGBOB,XXL,TS-RAGBOB-XXL,67000,72000
TM420,"Organic Black",TS-ORGANIC-BLACK,S,TS-ORGANIC-BLACK-S,62000,67000
TM420,"Organic Black",TS-ORGANIC-BLACK,M,TS-ORGANIC-BLACK-M,62000,67000
TM420,"Organic Black",TS-ORGANIC-BLACK,L,TS-ORGANIC-BLACK-L,62000,67000
TM420,"Organic Black",TS-ORGANIC-BLACK,XL,TS-ORGANIC-BLACK-XL,62000,67000
TM420,"Organic Black",TS-ORGANIC-BLACK,XXL,TS-ORGANIC-BLACK-XXL,67000,72000
TM420,"Organic Green",TS-ORGANIC-GREEN,S,TS-ORGANIC-GREEN-S,62000,67000
TM420,"Organic Green",TS-ORGANIC-GREEN,M,TS-ORGANIC-GREEN-M,62000,67000
TM420,"Organic Green",TS-ORGANIC-GREEN,L,TS-ORGANIC-GREEN-L,62000,67000
TM420,"Organic Green",TS-ORGANIC-GREEN,XL,TS-ORGANIC-GREEN-XL,62000,67000
TM420,"Organic Green",TS-ORGANIC-GREEN,XXL,TS-ORGANIC-GREEN-XXL,67000,72000
TM420,"Peace Of God",TS-POG,S,TS-POG-S,73000,78000
TM420,"Peace Of God",TS-POG,M,TS-POG-M,73000,78000
TM420,"Peace Of God",TS-POG,L,TS-POG-L,73000,78000
TM420,"Peace Of God",TS-POG,XL,TS-POG-XL,73000,78000
TM420,"Peace Of God",TS-POG,XXL,TS-POG-XXL,78000,83000
TM420,"Relax Oversized",TSOV-RELAX,S,TSOV-RELAX-S,70000,80000
TM420,"Relax Oversized",TSOV-RELAX,M,TSOV-RELAX-M,70000,80000
TM420,"Relax Oversized",TSOV-RELAX,L,TSOV-RELAX-L,70000,80000
TM420,"Relax Oversized",TSOV-RELAX,XL,TSOV-RELAX-XL,70000,80000
TM420,"Relax Oversized",TSOV-RELAX,XXL,TSOV-RELAX-XXL,75000,85000
TM420,"Smile Leaf",TSDL-SOL,S,TSDL-SOL-S,78000,83000
TM420,"Smile Leaf",TSDL-SOL,M,TSDL-SOL-M,78000,83000
TM420,"Smile Leaf",TSDL-SOL,L,TSDL-SOL-L,78000,83000
TM420,"Smile Leaf",TSDL-SOL,XL,TSDL-SOL-XL,78000,83000
TM420,"Smile Leaf",TSDL-SOL,XXL,TSDL-SOL-XXL,83000,88000
TM420,Smiley,TS-SMILEY,S,TS-SMILEY-S,62000,67000
TM420,Smiley,TS-SMILEY,M,TS-SMILEY-M,62000,67000
TM420,Smiley,TS-SMILEY,L,TS-SMILEY-L,62000,67000
TM420,Smiley,TS-SMILEY,XL,TS-SMILEY-XL,62000,67000
TM420,Smiley,TS-SMILEY,XXL,TS-SMILEY-XXL,67000,72000
TM420,"Stoned Icon",TS-STONEDICONS,S,TS-STONEDICONS-S,62000,67000
TM420,"Stoned Icon",TS-STONEDICONS,M,TS-STONEDICONS-M,62000,67000
TM420,"Stoned Icon",TS-STONEDICONS,L,TS-STONEDICONS-L,62000,67000
TM420,"Stoned Icon",TS-STONEDICONS,XL,TS-STONEDICONS-XL,62000,67000
TM420,"Stoned Icon",TS-STONEDICONS,XXL,TS-STONEDICONS-XXL,67000,72000
TM420,"Teach Peace",HOOD-TEACHPEACE,S,HOOD-TEACHPEACE-S,175000,185000
TM420,"Teach Peace",HOOD-TEACHPEACE,M,HOOD-TEACHPEACE-M,175000,185000
TM420,"Teach Peace",HOOD-TEACHPEACE,L,HOOD-TEACHPEACE-L,175000,185000
TM420,"Teach Peace",HOOD-TEACHPEACE,XL,HOOD-TEACHPEACE-XL,175000,185000
TM420,"Teach Peace",HOOD-TEACHPEACE,XXL,HOOD-TEACHPEACE-XXL,180000,190000
TM420,"Tropical Vibes",TS-TROVIB,S,TS-TROVIB-S,62000,67000
TM420,"Tropical Vibes",TS-TROVIB,M,TS-TROVIB-M,62000,67000
TM420,"Tropical Vibes",TS-TROVIB,L,TS-TROVIB-L,62000,67000
TM420,"Tropical Vibes",TS-TROVIB,XL,TS-TROVIB-XL,62000,67000
TM420,"Tropical Vibes",TS-TROVIB,XXL,TS-TROVIB-XXL,67000,72000
TM420,YinYang,TSLS-YINYANG,S,TSLS-YINYANG-S,73000,78000
TM420,YinYang,TSLS-YINYANG,M,TSLS-YINYANG-M,73000,78000
TM420,YinYang,TSLS-YINYANG,L,TSLS-YINYANG-L,73000,78000
TM420,YinYang,TSLS-YINYANG,XL,TSLS-YINYANG-XL,73000,78000
TM420,YinYang,TSLS-YINYANG,XXL,TSLS-YINYANG-XXL,78000,83000
VOOJAH,"420F Grey Oversize Boxy",420-GRE-OVE-BOX,S,420-GRE-OVE-BOX-S,70000,80000
VOOJAH,"420F Grey Oversize Boxy",420-GRE-OVE-BOX,M,420-GRE-OVE-BOX-M,70000,80000
VOOJAH,"420F Grey Oversize Boxy",420-GRE-OVE-BOX,L,420-GRE-OVE-BOX-L,70000,80000
VOOJAH,"420F Grey Oversize Boxy",420-GRE-OVE-BOX,XL,420-GRE-OVE-BOX-XL,70000,80000
VOOJAH,"420F Grey Oversize Boxy",420-GRE-OVE-BOX,XXL,420-GRE-OVE-BOX-XXL,75000,85000
VOOJAH,"420F Navy Oversize Boxy",420-NAV-BRI-OVE-BOC,S,420-NAV-BRI-OVE-BOC-S,70000,80000
VOOJAH,"420F Navy Oversize Boxy",420-NAV-BRI-OVE-BOC,M,420-NAV-BRI-OVE-BOC-M,70000,80000
VOOJAH,"420F Navy Oversize Boxy",420-NAV-BRI-OVE-BOC,L,420-NAV-BRI-OVE-BOC-L,70000,80000
VOOJAH,"420F Navy Oversize Boxy",420-NAV-BRI-OVE-BOC,XL,420-NAV-BRI-OVE-BOC-XL,70000,80000
VOOJAH,"420F Navy Oversize Boxy",420-NAV-BRI-OVE-BOC,XXL,420-NAV-BRI-OVE-BOC-XXL,75000,85000
VOOJAH,"420F Olive Oversize Boxy",420-OLI-OVE,S,420-OLI-OVE-S,70000,80000
VOOJAH,"420F Olive Oversize Boxy",420-OLI-OVE,M,420-OLI-OVE-M,70000,80000
VOOJAH,"420F Olive Oversize Boxy",420-OLI-OVE,L,420-OLI-OVE-L,70000,80000
VOOJAH,"420F Olive Oversize Boxy",420-OLI-OVE,XL,420-OLI-OVE-XL,70000,80000
VOOJAH,"420F Olive Oversize Boxy",420-OLI-OVE,XXL,420-OLI-OVE-XXL,75000,85000
VOOJAH,"Nature Never Lies",VOO-NAT-NEV-LIE-LON---COT-COM-24S,S,VOO-NAT-NEV-LIE-LON---COT-COM-24S-S,80000,85000
VOOJAH,"Nature Never Lies",VOO-NAT-NEV-LIE-LON---COT-COM-24S,M,VOO-NAT-NEV-LIE-LON---COT-COM-24S-M,80000,85000
VOOJAH,"Nature Never Lies",VOO-NAT-NEV-LIE-LON---COT-COM-24S,L,VOO-NAT-NEV-LIE-LON---COT-COM-24S-L,80000,85000
VOOJAH,"Nature Never Lies",VOO-NAT-NEV-LIE-LON---COT-COM-24S,XL,VOO-NAT-NEV-LIE-LON---COT-COM-24S-XL,80000,85000
VOOJAH,"Nature Never Lies",VOO-NAT-NEV-LIE-LON---COT-COM-24S,XXL,VOO-NAT-NEV-LIE-LON---COT-COM-24S-XXL,85000,90000
VOOJAH,Stoner,VOO-STO-LS---COT,S,VOO-STO-LS---COT-S,80000,85000
VOOJAH,Stoner,VOO-STO-LS---COT,M,VOO-STO-LS---COT-M,80000,85000
VOOJAH,Stoner,VOO-STO-LS---COT,L,VOO-STO-LS---COT-L,80000,85000
VOOJAH,Stoner,VOO-STO-LS---COT,XL,VOO-STO-LS---COT-XL,80000,85000
VOOJAH,Stoner,VOO-STO-LS---COT,XXL,VOO-STO-LS---COT-XXL,85000,90000
